date,match,tournament,firstSet,leg36,leg46,leg57,dutch,overround,outcomes,won
2026-07-06,J. Paolini vs A. Eala,Wimbledon,6:4,7,7,15,2.837837837837838,1.1136507390024013,14,false
2026-07-13,K. Feldbausch vs M. Kecmanovic,Gstaad,1:6,5.55,5.8,13.5,2.343742415662163,1.1843016887993936,14,false
2026-07-20,V. Kopriva vs I. Buse,Kitzbuhel,5:7,6,7,14,2.625,1.171324709236532,14,true
2026-06-22,A. Eala vs E. Mertens,Bad Homburg,3:6,10.75,6.55,15,3.201417042397605,1.0941119737024867,14,true
2026-05-18,S. Baez vs A. Michelsen,Geneva,5:7,7.8,12,18.5,3.765166340508806,1.1075186815391203,14,true
2026-04-20,C. Chidekh vs C. Wong,Gwangju,3:6,6,5.9,15,2.482468443197756,1.2102288871206541,14,true
2026-03-16,H. Shaikh vs A. Falei,W35 Monastir 3,4:6,6,6.5,15,2.5827814569536427,1.1731032110827506,14,true
2026-07-06,A. Krueger vs M. Kostyuk,Wimbledon,4:6,6,6,13.2,2.4444444444444446,1.1793273604494625,14,true
2026-07-13,L. Sonego vs J. J. Schwaerzler,Gstaad,6:4,9.1,13,23,4.342323651452282,1.0946655497349913,14,false
2026-07-20,A. Muller vs M. Navone,Kitzbuhel,4:6,6,5.45,13,2.3415037179840263,1.1453952010293078,14,true
2026-06-22,N. Osaka vs M. Frech,Bad Homburg,6:4,20,9.6,22,5.009487666034155,1.1094443586881706,14,false
2026-05-18,A. Rinderknech vs T. A. Tirante,Geneva,6:4,12,5.7,17,3.148659626320065,1.0539261506040787,14,false
2026-04-20,M. Lajal vs M. Jones,Gwangju,7:5,9.5,9.5,21,3.8737864077669903,1.2173661171750683,14,false
2026-03-16,A. Shepp vs A. Omarkhanov,M15 Monastir 9,6:3,6.5,7,15,2.752016129032258,1.243500171877653,14,false
2026-07-06,M. Bouzkova vs E. Mertens,Wimbledon,4:6,8,6.5,15,2.894248608534323,1.145347116981334,14,true
2026-07-13,D. Stricker vs J. Munar,Gstaad,6:2,5.35,9.5,13,2.7092772936955405,1.058440661167634,14,false
2026-07-20,L. Neumayer vs Y. Hanfmann,Kitzbuhel,6:7,6.3,5.5,15,2.4557051736357196,1.1057399757628592,14,false
2026-06-15,D. Parry vs E. Seidel,Berlin,6:3,12,8.5,23,4.090671316477768,1.0199559394379938,14,false
2026-06-22,C. Tauson vs D. Shnaider,Bad Homburg,6:4,5.7,8.75,15,2.8059071729957807,1.092284033642268,14,false
2026-05-18,S. Tsitsipas vs G. Mpetshi Perricard,Geneva,6:4,11,9.75,25,4.28314696485623,1.1194944007769578,14,false
2026-04-20,P. Bar Biryukov vs G. Brouwer,Shymkent,3:6,6,6.25,13.2,2.484939759036145,1.2058633462943806,14,true
2026-07-06,A. De Minaur vs F. Cobolli,Wimbledon,5:7,12,10,23,4.4089456869009584,1.1454136463090077,14,true
2026-07-13,J. De Jong vs V. Gaubas,Bastad,7:6,10.5,8.5,19.5,3.7854812398042412,1.1763953672325052,14,false
2026-07-20,T. Torres vs N. Basilashvili,Estoril,6:4,5.3,5.8,13,2.283021023765996,1.1871712175134268,14,false
2026-06-22,J-L. Struff vs M. Landaluce,Mallorca,6:3,6.2,6,15,2.5340599455040875,1.1945451671512788,14,false
2026-05-18,T. Atmane vs T. M. Etcheverry,Hamburg,2:6,12,5.35,15,2.968099861303745,1.043795125081378,14,false
2026-04-20,T. Berkieta vs J. Sels,Shymkent,6:4,6.45,7.8,15.5,2.875546213839261,1.1504856953882814,14,false
2026-03-16,E. Butvilas vs M. Kukushkin,Murcia,6:7,9.5,7.7,16,3.3598392421415246,1.1959829855856132,14,false
2026-07-13,D. Dzumhur vs H. Rocha,Umag,6:2,7,8,14.5,2.9689213893967095,1.1110225902681359,14,false
2026-07-20,F. Ferreira Silva vs L. van Assche,Estoril,5:7,6,5.6,13,2.368763557483731,1.1521561962941274,14,true
2026-06-15,M. Timofeeva vs R. Zarazua,Berlin,5:7,9.5,8.5,21,3.6964577656675757,1.0732054117193437,14,true
2026-06-22,E. Quinn vs V. Royer,Mallorca,6:4,9.5,9,21,3.787974683544304,1.1728077698360977,14,false
2026-05-18,F. Cerundolo vs A. De Minaur,Hamburg,6:3,10,8,17.5,3.5443037974683547,1.1963135820022475,14,false
2026-04-20,B. Gadamauri vs S. Cuenin,Shymkent,7:6,8.5,9,19,3.5537897310513444,1.1333157090957209,14,false
2026-03-16,M. Damas vs J. Choinski,Murcia,6:4,7,5.95,13.2,2.586104708594007,1.2074526481324823,14,false
2026-07-13,K. Jacquet vs M. Trungelliti,Umag,2:6,8,6.5,15,2.894248608534323,1.1633943670708375,14,false
2026-07-20,T. Droguet vs C. Ugo Carabelli,Estoril,6:0,11,6.2,15,3.1361128142244024,1.1243383579112893,14,false
2026-06-15,L. Sun vs A. Kalinina,Berlin,4:6,6,6.6,17,2.652482269503546,1.0778037247905548,14,true
2026-06-22,Z. Bergs vs J. Munar,Eastbourne,6:2,7.5,8.5,18.5,3.278318276580959,1.1543704739982719,14,false
2026-05-18,A. Davidovich Fokina vs C. Moutet,Hamburg,6:4,10,8.1,18,3.584070796460177,1.1768299281373207,14,false
2026-04-20,S. Gulin vs M. H. Rehberg,Shymkent,6:4,5.45,6.4,13.5,2.416566164583921,1.3545527968461766,14,false
2026-03-16,A. Nedic vs E. Ivanisevic,Zadar,7:5,17,17.5,34,6.878612716763005,1.3607854839909221,14,false
2026-07-13,V. Kopriva vs D. Prizmic,Umag,1:6,5.2,10,15,2.785714285714286,1.0791893613976156,14,false
2026-07-20,E. Seidel vs D. Snigur,Livesport Prague Open,5:7,6,6.65,13.5,2.5567817728729088,1.1735621025519156,14,true
2026-06-15,T. Barrios Vera vs B. Bonzi,Nottingham,3:6,5.75,5.5,17,2.4122265844083004,1.0677277067935733,14,true
2026-06-22,R. Collignon vs J. M. Cerundolo,Eastbourne,4:6,13.5,13,29,5.391419491525423,1.1718954726371773,14,true
2026-05-18,K. Majchrzak vs C. Ugo Carabelli,Hamburg,6:1,9,7.6,13.7,3.1677371374484484,0.9924234801754314,14,false
2026-04-20,S. Kopp vs D. Zhalgasbay,Shymkent,6:4,19,16,33,6.875942426319397,1.1862443453232925,14,false
2026-03-16,Z. Piros vs E. Dalla Valle,Zadar,1:6,17,12.2,26,5.578729567556383,1.2446504542518433,14,false
2026-07-13,D. Lajovic vs L. van Assche,Umag,6:2,7,7,15,2.837837837837838,1.18293801926525,14,false
2026-07-20,A. Parks vs L. Havlickova,Livesport Prague Open,2:6,13,8.3,19,3.999414748341787,1.1184712259092475,14,false
2026-06-15,J. Faria vs M. Echargui,Nottingham,6:3,21,15,34,6.959064327485381,1.0697778160285418,14,false
2026-06-22,G. Diallo vs T. Atmane,Eastbourne,6:7,8.25,7,19,3.1575539568345325,1.1800398569438817,14,false
2026-05-18,J. Mensik vs J-L. Struff,Hamburg,7:6,23,9.3,24,5.190172884440401,1.0535309508942048,14,false
2026-04-20,A. Barrena vs G. Cadenasso,Rome,6:2,5.7,7,13.7,2.5556594511197344,1.200357335682974,14,false
2026-03-16,J. Sels vs K. Jacquet,Zadar,0:6,4.55,6.5,13,2.219512195121951,1.2279349268446162,14,false
2026-07-06,M. Keys vs L. Noskova,Wimbledon,4:6,7.5,13,17,3.7163677130044843,1.0324633983147915,14,true
2026-07-13,V. Grammatikopoulou vs A. Parks,Athens (Greece) - Qualification,6:7,4.95,9,13.2,2.571428571428571,1.1391355874058247,14,false
2026-07-20,A. Oktiabreva vs O. Dodin,Livesport Prague Open,3:6,11,9.5,19,4.019230769230769,1.2040778530943133,14,true
2026-06-15,H. Rocha vs C. O'Connell,Nottingham,6:7,8.5,6.3,21,3.0864553314121035,1.0678743427195438,14,false
2026-06-22,J. Ostapenko vs F. Jones,Eastbourne,6:2,13,11,23,4.732374100719424,1.1696423655052224,14,false
2026-05-18,V. Artemeva vs F. Dorofeeva-Rybas,W15 Bucharest,4:6,5.6,7,15,2.5766871165644174,1.1352597255922063,14,true
2026-04-20,H. Bernet vs L. Pavlovic,Rome,6:3,7.5,5.85,15,2.6958525345622117,1.1869619656229564,14,false
2026-03-16,C. Dolehide vs N. Bartunkova,Miami,3:6,7.5,6.5,13,2.746478873239437,1.1855529546007533,14,true
2026-07-06,G. Dimitrov vs A. Fery,Wimbledon,5:7,15,7.8,21,4.123867069486405,1.0858347932260977,14,true
2026-07-13,P. Kudermetova vs M. Sakkari,Athens (Greece) - Qualification,0:6,5.6,7.5,13.2,2.579564489112228,1.1824565215493095,14,false
2026-07-20,M. Bouzkova vs J. Bouzas Maneiro,Livesport Prague Open,7:5,13,10.2,21,4.492739593417231,1.1670313674001742,14,false
2026-06-15,O. Tarvet vs R. Safiullin,Nottingham,6:4,6.5,6.5,19,2.7752808988764044,1.0523380233980584,14,false
2026-06-22,H. Klugman vs T. Valentova,Eastbourne,5:7,5.5,6.5,13.5,2.440581542351454,1.2057091925493333,14,true
2026-05-18,M. Bouzkova vs K. Siniakova,Strasbourg,7:6,7.5,7.4,15,2.983870967741936,1.1815353880262602,14,false
2026-04-20,H. Squire vs S. Sakellaridis,Rome,6:7,5.25,7.5,13.7,2.520147161878066,1.195920322070861,14,false
2026-03-16,V. Golubic vs T. Frodin,Miami,2:6,26,21,36,8.7828418230563,1.229800936173485,14,false
2026-07-06,T. Fritz vs A. Bublik,Wimbledon,7:6,15,9,26,4.624505928853756,1.111836510622363,14,false
2026-07-13,M. Linette vs M. Hontama,Athens (Greece) - Qualification,4:6,17,12,24,5.44,1.1666986701440485,14,true
2026-07-20,F. Urgesi vs E. Yaneva,Palermo,5:7,6,8,13.5,2.7341772151898738,1.2171445572489212,14,true
2026-06-15,C. Wong vs B. Harris,Nottingham,5:7,10,8,29,3.8538205980066444,1.0867021846668419,14,true
2026-06-22,M. Kessler vs D. Kasatkina,Eastbourne,6:3,8,7.1,14.7,2.9951572981310752,1.1722188154941948,14,false
2026-05-18,S. Waltert vs A. Kalinina,Rabat,3:6,6.5,6.85,14,2.6935292211299555,1.2152778807523332,14,true
2026-04-20,D. Svrcina vs A. Vasilev,Rome,6:1,19,17,29,6.852231163130944,1.1437659789364474,14,false
2026-03-16,L. Radivojevic vs S. Kraus,Miami,6:7,7.5,7.1,14.5,2.9142290998301563,1.239550636726405,14,false
2026-07-06,M. H. Rehberg vs M. Kouame,Braunschweig,6:4,7,8,17,3.0610932475884245,1.2186301636760997,14,false
2026-07-13,Q. Zheng vs J. Bouzas Maneiro,Athens (Greece) - Qualification,7:5,12.5,9.1,19,4.123342554612229,1.168832128115374,14,false
2026-07-20,A. Mazzola vs D. Spiteri,Palermo,6:7,9.25,10,18,3.792710706150342,1.2089647681638749,14,false
2026-06-15,S. Lamens vs D. Galfi,Berlin,6:3,6,7.4,17,2.772961058045555,1.0568773596186654,14,false
2026-06-22,T. Compagnucci vs M. Mrva,Plovdiv (Bulgaria) - Qualification,7:6,6,5.85,13,2.4123711340206184,1.2307743773019517,14,false
2026-05-18,H. Vandewinkel vs P. Udvardy,Rabat,4:6,6.2,9.5,14.5,2.9804571627988135,1.1618772155223474,14,true
2026-04-20,S. Costoulas vs A. Koevermans,Oeiras 4 (Portugal) - Qualification,6:4,6.5,6.5,13,2.5999999999999996,1.2303450891249355,14,false
2026-03-16,D. Semenistaja vs M. Ekstrand,Miami,6:0,13,13,23,5.067796610169491,1.1704821239685317,14,false
2026-07-06,M. Chazal vs E. Demanet,Liege (Belgium) - Qualification,2:6,7.9,6.9,15,2.9570359119019205,1.2132628400336967,14,false
2026-07-20,S. Lansere vs L. Radivojevic,Palermo,1:6,5.5,6.5,13.5,2.440581542351454,1.1949590788231765,14,false
2026-06-15,M. Schoenhaus vs L. Tien,Halle,2:6,6.5,4.7,15,2.307982875849912,1.0428777111901413,14,false
2026-06-22,M. Martineau vs I. Radulov,Plovdiv (Bulgaria) - Qualification,6:3,7.5,6.3,15,2.787610619469027,1.1989407704879926,14,false
2026-05-18,J. Teichmann vs J. Grabher,Rabat,6:4,7.5,7,14.5,2.897240723120837,1.2032525490893866,14,false
2026-04-20,E. Gorgodze vs Y. Yuan,Oeiras 4 (Portugal) - Qualification,0:6,6,7.8,13,2.689655172413793,1.1852569305833565,14,false
2026-03-16,L. Stefanini vs D. Parry,Miami,2:6,6,6.45,13,2.5086013462976813,1.2445247260799135,14,false
2026-07-06,M. Damas vs H. Huens,Liege (Belgium) - Qualification,6:0,17,11.5,23,5.283783783783783,1.1683134345477932,14,false
2026-07-13,P. De Lange vs M. Geerts,Bunschoten,6:2,6.9,6.55,15,2.7452469173297698,1.1887820510664304,14,false
2026-07-20,Y. Kabbaj vs D. Chiesa,Palermo,6:4,7,6.2,13.5,2.6439530685920576,1.140887045884462,14,false
2026-06-15,F. Cobolli vs F. Tiafoe,Halle,2:6,9.5,6,23,3.170495767835551,1.079973237881583,14,false
2026-06-22,D. Michalski vs G. Brouwer,Plovdiv (Bulgaria) - Qualification,6:2,10.75,9.7,20,4.063124056305099,1.2101394413220496,14,false
2026-05-18,A. Parks vs M. Uchijima,Rabat,6:2,9,6.65,14,3.0037641154328734,1.155285493897109,14,false
2026-04-20,M. Ivantsiv vs E. Pridankina,Oeiras 4 (Portugal) - Qualification,1:6,6.6,17,32,4.139266774267927,1.2923406025014597,14,false
2026-03-16,A. Aksu vs A. Sasnovich,Miami,4:6,6,6.8,13,2.55984555984556,1.222793053248952,14,true
2026-07-06,S. Fomin vs M. Dhamne,Liege (Belgium) - Qualification,3:6,7,7.2,15,2.8701594533029615,1.2545116257885267,14,true
2026-07-13,M. Houkes vs D. Jorda Sanchis,Bunschoten,6:3,7.5,6.7,15.5,2.880987608655447,1.2522063258708307,14,false
2026-07-20,E. Gorgodze vs A. Mintegi Del Olmo,Palermo,7:6,7.5,8,15,3.0769230769230775,1.1775785976094324,14,false
2026-06-15,N. Borges vs F. Auger-Aliassime,Halle,3:6,6.4,5.5,19,2.5595101415996937,1.0517897897596038,14,true
2026-06-22,Y. Milev vs O. Milic,Plovdiv (Bulgaria) - Qualification,2:6,5.5,6.3,13,2.395373570858814,1.3207433288938863,14,false
2026-03-16,S. Hunter vs R. Masarova,Miami,2:6,6,7,14,2.625,1.2257925917610102,14,false
2026-07-13,A. Santamarta Roig vs M. Schoenhaus,Bunschoten,5:7,6.1,8,14,2.7749796913078795,1.1303832532211209,14,true
2026-07-20,L. Gjorcheska vs E. Andreeva,Palermo,2:6,7,7.3,13.5,2.8255171001433546,1.1909263806721306,14,false
2026-06-15,J. Pinnington Jones vs D. Shapovalov,London,4:6,6.2,8.25,21,3.0291878172588835,1.034196780147913,14,true
2026-06-22,L. Castelnuovo vs F. Agamenone,Targu Mures,3:6,5.15,6.5,13,2.353251318101933,1.2049966310829667,14,true
2026-05-18,M. Dhamne vs M. Krueger,Cervia (Italy) - Qualification,3:6,7,6.55,15,2.760939381774388,1.23419469471051,14,true
2026-03-16,W. Osuigwe vs D. Vekic,Miami,4:6,6,6.4,13,2.5010020040080163,1.2263174998040052,14,true
2026-07-06,A. Barroso Campos vs G. Dalmasso,Nottingham 4,6:3,18,6.8,17,3.8249999999999997,1.0517258074873936,14,false
2026-07-13,F. Agamenone vs A. Barrena,Cordenons,7:6,6.6,6.45,15,2.6793806646525677,1.2452178233781246,14,false
2026-06-15,Q. Zheng vs M. Sakkari,Nottingham,4:6,9.5,10,23,4.020239190432383,1.0246415680579313,14,true
2026-06-22,C. Cretu vs A. Santillan,Targu Mures,6:4,10.5,11,19.5,4.211781206171108,1.1767550614812279,14,false
2026-05-18,B. Gadamauri vs C. Cretu,Cervia (Italy) - Qualification,6:4,7,6.65,15,2.7785515320334264,1.2487227369650158,14,false
2026-04-20,H. Barton vs D. E. Galan,Savannah,6:2,9,8.25,19,3.5093283582089554,1.2310616268037988,14,false
2026-03-16,E. Seidel vs M. Stakusic,Miami,6:4,5.75,7.5,13.7,2.6299243267304697,1.2137262198654781,14,false
2026-07-06,C. Chidekh vs M. Janvier,Nottingham 4,4:6,9.7,9.4,23,3.953287588599005,1.3597799779005113,14,true
2026-06-15,M. Joint vs Y. Starodubtseva,Nottingham,7:6,8,6.3,17,2.9192504258943783,1.0365969356298725,14,false
2026-06-22,S. Gueymard Wayenburg vs G. Ghetu,Targu Mures,7:5,10,7.6,16.5,3.4224890829694323,1.158930550290968,14,false
2026-05-18,S. Kopp vs M. Alcala Gurri,Cervia (Italy) - Qualification,1:6,6,6.55,15,2.5906394199077125,1.2442645748400558,14,false
2026-04-20,L. Draxl vs P. Boscardin Dias,Savannah,6:7,8,8,16.5,3.2195121951219514,1.2293220424799371,14,false
2026-03-16,L. Sun vs M. Timofeeva,Miami,6:4,9,8.5,18,3.5172413793103448,1.1999851593195245,14,false
2026-07-06,D. De Jonge vs E. Hudd,Nottingham 4,7:6,5.4,8,15,2.6535626535626538,1.1179357299394288,14,false
2026-07-13,S. Napolitano vs F. Balshaw,Cordenons,6:1,5.6,7.1,13.2,2.5305303760848603,1.1812355830903076,14,false
2026-07-20,G. Onclin vs D. Ajdukovic,Tampere,7:6,11,9,19,3.926931106471816,1.2314596317537778,14,false
2026-06-15,T. Gibson vs F. Jones,Nottingham,6:3,13,12,31,5.194414607948443,1.0609558834388355,14,false
2026-06-22,M. Tobon vs M. Krumich,Targu Mures,4:6,8.5,6.1,13.5,2.81170917854991,1.1379105020882703,14,true
2026-05-18,T. Duran vs F. Agamenone,Istanbul (Turkey) - Qualification,3:6,5.5,6.8,13.5,2.481690833128533,1.1927217077313157,14,true
2026-04-20,D. Glinka vs S. Kozlov,Savannah,2:6,7.5,7.5,17,3.072289156626506,1.2419353149692023,14,false
2026-03-16,R. Zarazua vs M. Trevisan,Miami,4:6,15,12,23,5.168539325842697,1.2378162113590594,14,true
2026-07-06,L. Maxted vs A. Ghibaudo,Nottingham 4,6:3,5.55,8.5,15,2.7435300959581275,1.1178725565208243,14,false
2026-07-13,M. H. Rehberg vs G. I. Justo,Cordenons,3:6,7.7,10,17.5,3.484162895927602,1.2078932566835792,14,true
2026-07-20,T. Faurel vs D. Rincon,Zug,6:7,5.7,5.85,13.5,2.3783880171184024,1.2377932875804394,14,false
2026-06-15,M. Bouzkova vs T. Valentova,Nottingham,6:3,10,9,23,3.9278937381404173,1.075753816561904,14,false
2026-06-22,M. Pucinelli de Almeida vs L. E. Ambrogi,Piracicaba,6:7,8.6,7.7,17,3.2789817080274966,1.3808040706650393,14,false
2026-05-18,A. Martin vs D. Jorda Sanchis,Istanbul (Turkey) - Qualification,6:2,7,6.1,15,2.677675585284281,1.1440789201256012,14,false
2026-03-16,E. Andreeva vs R. Sramkova,Miami,4:6,6.5,6.55,13.2,2.6159145390648635,1.2379603484999975,14,true
2026-07-06,O. Weightman vs A. Gray,Nottingham 4,2:6,4.33,6.7,13,2.1875917193055727,1.160518611937802,14,false
2026-07-13,H. Grenier vs C. Vandermeersch,Pozoblanco,6:4,8.7,12,21,4.06677796327212,1.1477025372008112,14,false
2026-07-20,J. Kym vs J. Clarke,Zug,1:6,15,9.5,23,4.6423512747875355,1.1785922391132229,14,false
2026-06-15,E. Mertens vs L. Samsonova,Berlin,1:6,11,9,26,4.158319870759289,1.0517706369033486,14,false
2026-06-22,M. Soto vs I. Monzon,Piracicaba,6:3,17,15,29,6.25105663567202,1.224078896482014,14,false
2026-03-16,R. Brantmeier vs Y. Yuan,Miami,7:6,5,6.85,13.2,2.3711123931399802,1.2320428552083076,14,false
2026-07-06,S. Broadus vs L. Stefanini,"W100 Cary, NC",3:6,7.8,7.6,15,3.0632492765605623,1.1554588061840447,14,true
2026-07-13,P. Inchauspe vs H. Stewart,Pozoblanco,3:6,8.75,6.9,17,3.144290418932373,1.198015208823492,14,true
2026-07-20,T. Seyboth Wild vs Z. Kolar,Zug,6:3,8.5,6.8,17,3.090909090909091,1.2137344100184848,14,false
2026-06-15,M. Frech vs S. Zhang,Berlin,2:6,8.5,7.5,19,3.2936777702243374,1.0680948337793135,14,false
2026-06-22,J. B. Torres vs A. Hernandez,Piracicaba,3:6,15,11.25,24,5.070422535211268,1.2130638754475456,14,true
2026-05-18,D. Michalski vs M. Sharipov,Istanbul (Turkey) - Qualification,6:3,6.05,6.6,15,2.6077586206896552,1.3557078600838353,14,false
2026-03-16,M. Brengle vs L. Fruhvirtova,Miami,4:6,5.5,8,13.5,2.625414364640884,1.1927049108704886,14,true
2026-07-06,T. Legout vs B. Shick,Cary,6:4,6.7,9.5,15,3.1134844285015495,1.1172155029204234,14,false
2026-07-13,T. Pereira vs M. Tobon,Pozoblanco,6:4,7.1,10,17,3.3370196295272323,1.1170600028675595,14,false
2026-07-20,M. Alkaya vs J. P. Ficovich,Segovia,6:3,9,7.5,17,3.2974137931034484,1.1292574784363718,14,false
2026-06-15,R. Masarova vs M. Pohankova,Berlin,6:1,9,7.5,23,3.4731543624161074,1.0520571862241128,14,false
2026-06-22,G. Villanueva vs N. Villalon,Piracicaba,1:6,19,15,34,6.724496877168633,1.196733328346089,14,false
2026-05-18,M. Mrva vs J. Forejtek,Istanbul (Turkey) - Qualification,4:6,6,7,13.7,2.614266242616992,1.2115072396153097,14,true
2026-04-20,K. Samrej vs H. Matsuoka,Gwangju,6:4,6,6,13,2.4375,1.2944712221566441,14,false
2026-03-16,E. Gorgodze vs T. Gibson,Miami,3:6,4.9,6.9,13.5,2.3636010563927297,1.23829296458061,14,true
2026-07-13,C. Rodesch vs M. Alkaya,Pozoblanco,7:6,12,11,26,4.701369863013698,1.2252866298664618,14,false
2026-07-20,M. Gonzalez Fernandez vs M. Tobon,Segovia,6:7,5.75,7.5,14,2.6407873154729367,1.180882508544467,14,false
2026-06-15,D. Siniakov vs B. Hassan,Poznan,6:3,7.5,6.5,19,2.942811755361398,1.0492593047311043,12,false
2026-05-18,C. Sanchez Jover vs N. Sanchez Izquierdo,Istanbul (Turkey) - Qualification,3:6,6,6.25,13.2,2.484939759036145,1.22354733842554,14,true
2026-03-16,V. Jimenez Kasintseva vs V. Lepchenko,Miami,2:6,13,9.4,21,4.330408369895377,1.2089282709471427,14,false
2026-07-06,J. S. Gomez vs E. Ribeiro,Bogota,2:6,6.5,5.75,13,2.4710743801652892,1.1264152631724895,14,false
2026-07-13,A. Santillan vs A. Lopez Escribano,Pozoblanco,3:6,34,13.5,34,7.524590163934426,1.1280658460505295,14,true
2026-07-20,Y. Zhou vs M. Geerts,Segovia,6:1,19,8.9,22,4.751820155830885,1.1064802561376117,14,false
2026-03-16,K. Rakhimova vs L. Jeanjean,Miami,6:7,13,9.2,19,4.197266346509051,1.2251062175169005,14,false
2026-07-13,A. Bondar vs S. Sorribes Tormo,Iasi,7:5,9.5,8.5,16.5,3.527134348113832,1.185107544869311,14,false
2026-07-20,M. Hurrion vs K. Bigun,Winnipeg,6:4,6.5,6,13,2.5161290322580645,1.28863493160669,14,false
2026-06-15,A. Wazny vs D. Yevseyev,Poznan,6:3,6.5,6.5,17,2.7283950617283947,1.0735780200714915,13,false
2026-03-16,K. Volynets vs P. Hon,Miami,6:1,9,9.5,18,3.6774193548387104,1.2352914995413242,14,false
2026-07-13,A. Charaeva vs V. Jimenez Kasintseva,Iasi,6:0,9.25,10,18,3.792710706150342,1.1773049509466214,14,false
2026-07-20,J. K. Trotter vs G. Dalmasso,Winnipeg,6:3,13,7,21,3.7397260273972606,1.2694845394582006,14,false
2026-03-16,K. Birrell vs V. Tomova,Miami,6:3,12,11,21,4.507317073170731,1.2492033947913206,14,false
2026-07-06,M. Kasnikowski vs F. Cina,Iasi,6:4,7,6.3,15,2.7155172413793105,1.2366499621910028,14,false
2026-07-13,N. Podoroska vs P. Marcinko,Iasi,2:6,5.4,8.5,13.5,2.6531791907514455,1.1710830648253248,14,false
2026-07-20,B. Tomic vs M. Lajal,Lincoln,4:6,5.7,7,15,2.59765625,1.1723502875243113,14,true
2026-06-15,M. H. Rehberg vs A. Marti Pujolras,Poznan,6:3,11,9,26,4.158319870759289,1.0473124126268143,12,false
2026-03-16,B. Andreescu vs S. Lamens,Miami,4:6,10,8.9,19,3.7737112251729528,1.2267459189787742,14,true
2026-07-06,J. Kym vs T. Faurel,Iasi,6:0,13,8.3,19,3.999414748341787,1.1764882042995948,14,false
2026-07-20,M. Echargui vs L. Harris,Bloomfield Hills,4:6,7.5,5.5,13.2,2.5581395348837206,1.159817658308687,14,true
2026-06-15,I. Lopez Morillo vs O. Wallin,Poznan,3:6,4.2,10,13,2.409532215357458,1.3048104369629976,12,true
2026-06-22,V. Williams vs I. Begu,Bad Homburg,2:6,7.5,6.5,13,2.746478873239437,1.1336066244642526,14,false
2026-03-16,O. Crawford vs M. Wiskandt,Morelos,6:4,12,9,23,4.203045685279188,1.221418760485137,14,false
2026-07-06,G. A. Olivieri vs T. Daniel,Iasi,0:6,6,6.1,13.5,2.471117779444861,1.216283638075287,14,false
2026-07-20,M. Zheng vs A. Shelbayh,Bloomfield Hills,6:4,12,12,25,4.838709677419355,1.1410314742877607,14,false
2026-06-15,R. Molleker vs M. Erhard,Poznan,7:5,7.5,6.5,19,2.942811755361398,1.058223301068326,12,false
2026-06-22,S. Sierra vs Q. Zheng,Bad Homburg,5:7,5.7,8.5,15,2.7796901893287433,1.134733837071832,14,true
2026-03-16,F. A. Gomez vs D. Martin,Morelos,6:3,14,17,34,6.2631578947368425,1.1484974937182675,14,false
2026-07-06,S. Palosi vs Z. Kolar,Iasi,5:7,4.75,5.6,12.7,2.1374924863171882,1.3590084631464419,14,true
2026-07-13,M. Krueger vs A. Martinez,Lincoln,6:2,7.3,9,17,3.2581680280046674,1.1927811962227288,14,false
2026-06-22,S. Kraus vs A. Kalinskaya,Bad Homburg,4:6,6,6.5,13.5,2.5342960288808665,1.2013995234156523,14,true
2026-03-16,A. Mayo vs A. Andrade,Morelos,4:6,6.5,5.65,13.5,2.4696762141967623,1.1972158043358627,14,true
2026-07-13,R. Noguchi vs C. Broom,Lincoln,6:2,6.8,7,15,2.804399057344855,1.2572972538297618,14,false
2026-07-20,V. Lepchenko vs E. Avanesyan,Hamburg,6:4,6.5,7,13.2,2.6848457755923114,1.1971883517239552,14,false
2026-06-15,D. Ajdukovic vs D. Svrcina,Poznan,3:6,5.05,7,15,2.4537251272559,1.0829455629681985,14,true
2026-03-16,V. Ursu vs A. Martin,Morelos,3:6,5.5,6.4,13.7,2.432729657468597,1.2287311591882184,14,true
2026-07-06,R. Brancaccio vs F. Agamenone,Trieste,7:6,6.65,7,16,2.8110964332893,1.3617062757267835,14,false
2026-07-13,C. Wong vs Wu Tung-Lin,Lincoln,6:2,9.5,7.4,17.5,3.3608796612484637,1.2191980848764352,14,false
2026-07-20,A. Bondar vs M. Uchijima,Hamburg,7:5,15,10.5,22,4.822546972860126,1.1189066099592415,14,false
2026-06-15,F. Diaz Acosta vs F. Roncadelli,Poznan,6:2,19,15,26,6.338751069289991,1.096991887173223,14,false
2026-05-18,C. Vandermeersch vs S. Pankin,M25 Kutaisi (Georgia),6:7,6.2,6.5,15.5,2.633986928104575,1.3632813008924003,14,false
2026-07-06,S. Nagal vs M. Dodig,Trieste,2:6,7.5,8,17,3.153013910355487,1.233010383121904,14,false
2026-07-13,F. Passaro vs M. Krumich,Bastad,4:6,15,7.5,19,3.958333333333333,1.1554986760068,14,true
2026-07-20,N. Podoroska vs J. Stusek,Hamburg,6:4,13,12,22,4.861189801699717,1.1769864197155486,14,false
2026-06-15,P. Delage vs S. Gulin,Royan,1:6,5.2,11,15,2.8580946035976016,1.0175422466695019,14,false
2026-05-18,Y. Hanfmann vs M. Schoenhaus,Hamburg,6:3,10.5,17,25,5.153002309468822,1.072136780717564,14,false
2026-07-06,F. Roncadelli vs M. Ribecai,Trieste,3:6,7,7.1,15,2.8541347626339975,1.2240195991458442,14,true
2026-07-20,K. Quevedo vs A. Kalinina,Hamburg,5:7,7.5,7.2,13.5,2.887700534759358,1.1502035542759452,14,true
2026-06-15,K. Feldbausch vs L. Lokoli,Royan,6:2,15,12,29,5.420560747663552,1.077475585628862,14,false
2026-05-18,M. Giron vs B. Shelton,Hamburg,3:6,4.7,8.25,13,2.4336753168376584,1.091334852320051,14,true
2026-07-06,H. Squire vs A. Guillen Meza,Trieste,7:6,8.5,7.2,17,3.1709844559585494,1.2262677095270689,14,false
2026-07-13,E. Pridankina vs G. Garcia-Perez,Iasi,6:1,26,19,34,8.298418972332016,1.2410207923170091,14,false
2026-06-15,O. Milic vs T. Faurel,Royan,4:6,8.5,6.5,17,3.0273972602739723,1.0166688731597455,14,true
2026-05-18,D. Altmaier vs R. Hijikata,Hamburg,7:5,13,9,21,4.243523316062176,1.1770034167513161,14,false
2026-07-13,L. Romero Gormaz vs Z. Kulambayeva,Iasi,6:1,13,11,21,4.641421947449768,1.2173058614823882,14,false
2026-06-15,C. Sanchez Jover vs A. Moro Canas,Royan,1:6,6.5,6.5,19,2.7752808988764044,1.073774637179873,14,false
2026-05-18,A. Eala vs O. Oliynykova,Strasbourg,6:3,8.5,7.1,14.7,3.062605723754617,1.1652776290851958,14,false
2026-06-15,F. Agamenone vs S. Napolitano,Parma,3:6,8.5,7.5,19,3.2936777702243374,1.0862618650699143,14,true
2026-05-18,M. Kessler vs J. Cristian,Strasbourg,1:6,7.5,7.5,15,3,1.1765583821028311,14,false
2026-07-20,J. Niemeier vs E. Malygina,Hamburg,6:4,8.5,8,16,3.2771084337349397,1.2179132689482344,14,false
2026-06-15,B. Gadamauri vs D. Dzumhur,Parma,6:4,6.5,6,19,2.6799276672694394,1.074514604252212,14,false
2026-05-18,D. Kasatkina vs L. Samsonova,Strasbourg,7:5,8,7.7,15.5,3.1310050828004594,1.19016600449238,14,false
2026-06-15,S. Ofner vs R. Brancaccio,Parma,6:3,9.3,8.9,22,3.7687356416996094,1.2848723188767084,14,false
2026-05-18,M. Frech vs T. Gibson,Strasbourg,7:6,7.5,7,15,2.9166666666666665,1.2085217738812628,14,false
2026-03-16,F. Gill vs F. Arnaboldi,Murcia,3:6,7,13,19,3.6709129511677285,1.3328510282786876,13,true
2026-07-20,E. Vedder vs M. Barthel,Hamburg,6:4,8,12,17,3.743119266055046,1.1419390158527127,14,false
2026-06-15,N. Sanchez Izquierdo vs L. van Assche,Parma,3:6,7.5,6.5,17,2.890148212728858,1.0895257825992815,14,true
2026-06-22,Y. Hatouka vs V. Turini,W50 Palma del Rio,1:6,8.5,8.5,17,3.4,1.1232566710894882,14,false
2026-05-18,L. Sonego vs E. Butvilas,Geneva,3:6,8,9,17.5,3.4100135317997293,1.181108521108521,14,true
2026-07-13,A. Gasanova vs S. Bandecchi,Istanbul 2 (Turkey) - Qualification,7:6,9.5,8.5,17,3.5494505494505497,1.1762771112616315,14,false
2026-07-20,A. Rus vs C. Paquet,Hamburg,1:6,9.5,8.5,17,3.5494505494505497,1.2099141686486887,14,false
2026-06-15,C. Chidekh vs C. Smith,Dublin (Ireland) - Qualification,5:7,6.1,13,17,3.3368811881188116,0.9097323532920087,14,true
2026-06-22,A. Hesse vs C. Lopez Martinez,W50 Palma del Rio,6:3,15,15,26,5.82089552238806,1.2954580649155962,14,false
2026-05-18,R. Brancaccio vs S. Wawrinka,Geneva,2:6,5.25,6.05,13.5,2.3264496439471007,1.3391599179229905,14,false
2026-04-20,A. Oktiabreva vs A. Akli,Oeiras 4 (Portugal) - Qualification,6:0,12,13,23,4.908344733242134,1.2543102388219303,14,false
2026-07-13,G. Knutson vs I. Kurt,Istanbul 2 (Turkey) - Qualification,6:4,25,21,40,8.879492600422832,1.1501283235553046,14,false
2026-07-20,E. Pridankina vs V. Brand,Hamburg,6:3,26,19,40,8.61377506538797,1.213270937104786,14,false
2026-06-15,J. P. Ficovich vs N. Mejia,Dublin (Ireland) - Qualification,4:6,8.5,8,23,3.494972067039106,1.0665870698452473,14,true
2026-06-22,L. Solar Donoso vs C. Fontenel,W50 Palma del Rio,2:6,8,8.5,17,3.3170731707317076,1.1893445198592256,14,false
2026-05-18,V. Royer vs F. Comesana,Geneva,6:2,6,7,15,2.6582278481012658,1.1667346293662082,14,false
2026-04-20,P. Kudermetova vs L. Boskovic,Oeiras 4 (Portugal) - Qualification,6:3,19,15,26,6.338751069289991,1.2366333721243532,14,false
2026-07-13,K. Okamura vs L. Tararudee,Istanbul 2 (Turkey) - Qualification,2:6,5.1,9.5,15,2.7173303421200226,1.1242151253640449,14,false
2026-07-20,J. Pieri vs M. L. Carle,Hamburg,6:0,5.8,6.8,13.2,2.5301710730948677,1.2191022495745134,14,false
2026-06-15,A. Galarneau vs F. Maestrelli,Dublin (Ireland) - Qualification,7:6,12,8,26,4.051948051948052,0.9910648113381437,14,false
2026-06-22,E. Vedder vs Z. Kardava,W50 Palma del Rio,6:1,23,19,34,7.966756032171582,1.272035602938478,14,false
2026-04-20,L. Havlickova vs M. Ristic,Oeiras 4 (Portugal) - Qualification,6:7,8,7.5,15,3.0769230769230775,1.2330945198592256,14,false
2026-06-15,G. Onclin vs K. Jacquet,Dublin (Ireland) - Qualification,6:7,11.5,10,19,4.173829990448902,0.891470126706456,14,false
2026-06-22,J. Choinski vs A. Popyrin,Eastbourne,1:6,6,6,15,2.5,1.1383906443641048,14,false
2026-06-22,F. Marozsan vs A. Molcan,Mallorca,2:6,15,6.65,17,3.624946558358273,1.062071560809951,14,false
2026-04-20,A. Gea vs V. Gaubas,Madrid,2:6,6.5,6.25,15,2.628032345013477,1.2817502672144767,14,false
2026-07-06,C. Werner vs D. Salkova,Contrexeville,6:1,6.5,6.5,13.5,2.6194029850746268,1.2058027285307156,14,false
2026-07-13,D. Khomutsianskaya vs Y. Zhang,Istanbul 2 (Turkey) - Qualification,1:6,11,15,21,4.873417721518987,1.2967016599209489,14,false
2026-06-15,A. Hayen vs I. Parisca,Asuncion 2 (Paraguay) - Qualification,2:6,4.33,6.5,19,2.286108201697198,1.0399960775809354,10,false
2026-06-22,A. Walton vs N. Kyrgios,Mallorca,6:3,6.5,6.5,15,2.671232876712329,1.1848213365815246,14,false
2026-04-20,A. Pellegrino vs M. Damm,Madrid,0:6,6.5,9.5,17,3.145318352059925,1.1725064777134613,14,false
2026-07-06,A. Hesse vs B. Palicova,Contrexeville,6:4,6,7,13.5,2.606896551724138,1.1910045641156828,14,false
2026-06-15,B. Fernandez vs N. Hardt,Asuncion 2 (Paraguay) - Qualification,6:3,4.8,6.3,17,2.3480405590572757,1.099014326585518,14,false
2026-06-22,A. Andrade vs C. Smith,Wimbledon,3:6,5,7.5,13,2.4374999999999996,1.070291180817308,14,true
2026-04-20,Z. Svajda vs R. Sakamoto,Madrid,6:7,9,5.8,15,2.8555798687089715,1.169238037430854,14,false
2026-07-06,A. Herrero Linana vs L. Nguyen Tan,Contrexeville,6:1,6.5,8,15,2.894248608534323,1.2313148867608674,14,false
2026-07-13,Y. Kabbaj vs E. Perelygina,Kitzbuhel (Austria) - Qualification,6:2,12,10.25,20,4.330985915492958,1.1847819394136294,14,false
2026-06-22,Y. Bu vs H. Dellien,Wimbledon,6:4,26,29,71,11.49044859411891,1.0402317962711363,14,false
2026-04-20,E. Moller vs H. Gaston,Madrid,6:3,5.5,6.15,15,2.4325782092772386,1.2587799302205434,14,false
2026-03-16,R. A. Burruchaga vs A. Fery,Miami,6:2,5.7,6.3,14.2,2.4716300712519996,1.3571337002620925,14,false
2026-07-06,J. Grabher vs R. Masarova,Contrexeville,6:7,6,9.5,13.5,2.890140845070423,1.0969402938701183,14,false
2026-07-13,D. Papamichail vs E. Andreeva,Kitzbuhel (Austria) - Qualification,2:6,5.5,6.7,13.5,2.4682460927809475,1.2064925148978565,14,false
2026-06-15,A. Donski vs F. Pieczonka,Poznan,6:3,17,5.5,21,3.4690812720848054,1.0525087399700401,12,false
2026-06-22,G. Cadenasso vs F. Cina,Wimbledon,3:6,8.5,5.85,14,2.7776558603491277,1.116249618216762,14,true
2026-04-20,O. Virtanen vs T. Droguet,Madrid,6:2,5.85,9.5,15,2.916557334033062,1.1679721332966593,14,false
2026-03-16,Y. Bu vs T. Schoolkate,Miami,7:5,5.75,9,17,2.9082644628099175,1.1644676778750438,14,false
